Country,Brand,Model,Keywords
DE,DREAME,L10s Ultra Gen 2,"l10s ultra gen 2,dreame l10s ultra gen 2,l10s ultra gen2,l10s"
DE,DREAME,X40 Ultra Complete,"x40 ultra complete,dreame x40 ultra complete,x40 ultra,x40"
DE,DREAME,X50 Ultra Complete,"x50 ultra complete,dreame x50 ultra complete,x50 ultra,x50"
DE,DREAME,L40s Pro Ultra,"l40s pro ultra,dreame l40s pro ultra,l40s"
DE,DREAME,L10s Pro Ultra Heat,"l10s pro ultra heat,dreame l10s pro ultra heat,l10s"
DE,DREAME,L10 Prime,"l10 prime,dreame l10 prime,l10"
DE,DREAME,L10s Ultra Gen 3,"l10s ultra gen 3,dreame l10s ultra gen 3,l10s ultra gen3,l10s"
DE,DREAME,L40 Ultra,"l40 ultra,dreame l40 ultra,l40"
DE,DREAME,L40 Ultra AE,"l40 ultra ae,dreame l40 ultra ae,l40"
DE,DREAME,L10s Ultra,"l10s ultra,dreame l10s ultra,l10s"
DE,DREAME,L20 Ultra Complete,"l20 ultra complete,dreame l20 ultra complete,l20 ultra,l20"
DE,DREAME,Aqua10 Ultra Roller Complete,"aqua10 ultra roller complete,dreame aqua10 ultra roller complete,aqua10 ultra roller,aqua10"
DE,DREAME,L20 Ultra,"l20 ultra,dreame l20 ultra,l20"
DE,DREAME,Matrix10 Ultra,"matrix10 ultra,dreame matrix10 ultra,matrix10"
DE,DREAME,L50 Pro Ultra,"l50 pro ultra,dreame l50 pro ultra,l50"
DE,DREAME,Aqua10 Ultra Track Complete,"aqua10 ultra track complete,dreame aqua10 ultra track complete,aqua10 ultra track,aqua10"
DE,DREAME,X50 Master,"x50 master,dreame x50 master,x50"
DE,DREAME,X40 Master,"x40 master,dreame x40 master,x40"
DE,DREAME,X30 Ultra,"x30 ultra,dreame x30 ultra,x30"
DE,DREAME,L50s Pro Ultra,"l50s pro ultra,dreame l50s pro ultra,l50s"
DE,DREAME,Aqua10 Roller,"aqua10 roller,dreame aqua10 roller,aqua10"
DE,DREAME,L50 Ultra AE,"l50 ultra ae,dreame l50 ultra ae,l50"
DE,DREAME,L10s Pro Ultra,"l10s pro ultra,dreame l10s pro ultra,l10s"
DE,DREAME,X40 Ultra,"x40 ultra,dreame x40 ultra,x40"
DE,DREAME,X50 Ultra,"x50 ultra,dreame x50 ultra,x50"
DE,DREAME,L50 Ultra,"l50 ultra,dreame l50 ultra,l50"
DE,DREAME,L40 Ultra CE,"l40 ultra ce,dreame l40 ultra ce,l40"
DE,MOVA,E30 Ultra,"e30 ultra,mova e30 ultra,e30"
DE,MOVA,V50 Ultra Complete,"v50 ultra complete,mova v50 ultra complete,v50 ultra,v50"
DE,MOVA,Z60 Ultra Roller Complete,"z60 ultra roller complete,mova z60 ultra roller complete,z60 ultra roller,z60"
DE,MOVA,E40 Ultra,"e40 ultra,mova e40 ultra,e40"
DE,MOVA,P50 Pro Ultra,"p50 pro ultra,mova p50 pro ultra,p50"
DE,MOVA,P50 Ultra,"p50 ultra,mova p50 ultra,p50"
DE,MOVA,Z60 Ultra Roller Standalone,"z60 ultra roller standalone,mova z60 ultra roller standalone,z60"
DE,MOVA,P50s Ultra,"p50s ultra,mova p50s ultra,p50s"
DE,MOVA,MOBIUS 60,"mobius 60,mova mobius 60,mobius"
DE,MOVA,S70 Roller,"s70 roller,mova s70 roller,s70"
US,DREAME,L40 Ultra,"l40 ultra,dreame l40 ultra,l40"
US,DREAME,X40 Ultra,"x40 ultra,dreame x40 ultra,x40"
US,DREAME,L10s Ultra Gen 2,"l10s ultra gen 2,dreame l10s ultra gen 2,l10s ultra gen2,l10s"
US,DREAME,L10s Pro Ultra Heat,"l10s pro ultra heat,dreame l10s pro ultra heat,l10s"
US,DREAME,X50 Ultra,"x50 ultra,dreame x50 ultra,x50"
US,DREAME,L20 Ultra,"l20 ultra,dreame l20 ultra,l20"
US,DREAME,L50 Ultra,"l50 ultra,dreame l50 ultra,l50"
US,DREAME,X30 Ultra,"x30 ultra,dreame x30 ultra,x30"
US,DREAME,L40s Ultra,"l40s ultra,dreame l40s ultra,l40s"
US,DREAME,L10s Ultra Gen 3,"l10s ultra gen 3,dreame l10s ultra gen 3,l10s ultra gen3,l10s"
US,DREAME,X50 Ultra Complete,"x50 ultra complete,dreame x50 ultra complete,x50 ultra,x50"
US,DREAME,L40s Ultra AE,"l40s ultra ae,dreame l40s ultra ae,l40s"
US,DREAME,L40s Ultra CE,"l40s ultra ce,dreame l40s ultra ce,l40s"
US,DREAME,GoVac 508,"govac 508,dreame govac 508,govac"
US,DREAME,Aqua10 Ultra Roller,"aqua10 ultra roller,dreame aqua10 ultra roller,aqua10"
US,DREAME,X60 Ultra,"x60 ultra,dreame x60 ultra,x60"
US,DREAME,L10 Ultra,"l10 ultra,dreame l10 ultra,l10"
US,DREAME,GoVac 400,"govac 400,dreame govac 400,govac"
US,DREAME,GoVac 100 Lite,"govac 100 lite,dreame govac 100 lite,govac"
US,DREAME,X40 Ultra Complete,"x40 ultra complete,dreame x40 ultra complete,x40 ultra,x40"
US,DREAME,GoVac 600,"govac 600,dreame govac 600,govac"
US,DREAME,Matrix10 Ultra,"matrix10 ultra,dreame matrix10 ultra,matrix10"
US,DREAME,Aqua10 Roller,"aqua10 roller,dreame aqua10 roller,aqua10"
US,DREAME,L40s Pro Ultra,"l40s pro ultra,dreame l40s pro ultra,l40s"
US,DREAME,X40 Master,"x40 master,dreame x40 master,x40"
US,DREAME,GoVac 400 Complete,"govac 400 complete,dreame govac 400 complete,govac 400,govac"
US,DREAME,L40 Ultra AE,"l40 ultra ae,dreame l40 ultra ae,l40"
US,DREAME,GoVac 300 Kit,"govac 300 kit,dreame govac 300 kit,govac"
US,DREAME,L40 Ultra A,"l40 ultra a,dreame l40 ultra a,l40"
US,DREAME,L30 Ultra S,"l30 ultra s,dreame l30 ultra s,l30"
US,DREAME,GoVac 200 lite,"govac 200 lite,dreame govac 200 lite,govac"
US,DREAME,GoVac 200 Kit,"govac 200 kit,dreame govac 200 kit,govac"
US,DREAME,GoVac 200,"govac 200,dreame govac 200,govac"
US,DREAME,Aqua10 Ultra Roller Complete,"aqua10 ultra roller complete,dreame aqua10 ultra roller complete,aqua10 ultra roller,aqua10"
US,DREAME,L20 Ultra Complete,"l20 ultra complete,dreame l20 ultra complete,l20 ultra,l20"
US,DREAME,L30 Ultra,"l30 ultra,dreame l30 ultra,l30"
US,DREAME,L10 Prime,"l10 prime,dreame l10 prime,l10"
US,DREAME,GoVac 300,"govac 300,dreame govac 300,govac"
US,MOVA,P10 Pro Ultra,"p10 pro ultra,mova p10 pro ultra,p10"
US,MOVA,P50 Pro Ultra,"p50 pro ultra,mova p50 pro ultra,p50"
US,MOVA,V50 Ultra Complete,"v50 ultra complete,mova v50 ultra complete,v50 ultra,v50"
US,MOVA,Z60 Ultra Roller Complete,"z60 ultra roller complete,mova z60 ultra roller complete,z60 ultra roller,z60"
US,MOVA,P10 Pro Ultra Gen2,"p10 pro ultra gen2,mova p10 pro ultra gen2,p10"
US,MOVA,E40 Ultra,"e40 ultra,mova e40 ultra,e40"
US,MOVA,P10 Ultra,"p10 ultra,mova p10 ultra,p10"
US,MOVA,P50 Ultra,"p50 ultra,mova p50 ultra,p50"
US,MOVA,MOBIUS 60,"mobius 60,mova mobius 60,mobius"
US,MOVA,Z60 Ultra Roller SA,"z60 ultra roller sa,mova z60 ultra roller sa,z60"
US,MOVA,E30 Ultra,"e30 ultra,mova e30 ultra,e30"
US,MOVA,V50 Ultra,"v50 ultra,mova v50 ultra,v50"
